Test Name,Total Number of Frames,Average Process Time per Frame [seconds],Average Frame Rate [frames/seconds],Average Memory Consumption per Frame [MB/frame],Average Number of Detection per Frame,Average Positional Jitter per Frame and Tag [mm/(frame*tag)],Average Orientational Jitter per Frame and Tag [degrees/(frame*tag)],Average Positional Accuracy per Frame and Tag [mm/(frame*tag)],Average Orientational Accuracy per Frame and Tag [degrees/(frame*tag)]
april_4cm,72,0.44700263587497424,2.237123273428969,107.55300564236111,12.0,0.11418198616660052,0.026437578993893693,0.9335298789868175,0.09772315117264474
stag_1cm,10,4.658960334600306,0.21464016179175957,166.494921875,125.19999999999999,5.928495483025032,47.64636427348907,52.879026441884264,70.9847755586262
stag_2cm,8,2.4929224481245456,0.4011356232731233,179.44140625,54.0,1.8661201870441322,2.1026311173597163,2.90815203157132,1.0565623336728054
april_1_cm,11,3.1883671723632934,0.3136401631116959,108.68217329545455,128.0,0.9882980031846156,12.617630353301495,9.40979183887346,9.023977352613334
april_1,1,30,,,,,,,,,
