Test Name,Tag Size [cm],Total Number of Frames,Average Process Time per Frame [seconds],Average Frame Rate [frames/seconds],Average Memory Consumption per Frame [MB/frame],Average Number of Detection per Frame,Average Positional Jitter per Frame and Tag [mm/(frame*tag)],Average Orientational Jitter per Frame and Tag [degrees/(frame*tag)],Array Size,Average Positional Accuracy per Frame and Tag [mm/(frame*tag)],Average Orientational Accuracy per Frame and Tag [degrees/(frame*tag)]
april_1cm,0.01,63,0.7047107923015805,1.4190218326783488,107.73952132936508,24.0,0.5437553299821236,21.450366061510856,"[16, 8]",15.715128822942424,16.011384145113887
april_4cm,0.04,18,0.5371687682222728,1.86161232587933,100.54188368055556,8.5,0.4830835696711906,0.07653030711124335,"[4, 3]",0.7339813261113177,0.11022546298635724
aruco_4,4.0,71,0.31605689101411694,3.163987334025045,105.8002860915493,12.0,0.4365302323980638,0.09225731081441083,"[4, 3]",53.8449541233625,0.21783561977983168
charuco_8,8.0,110,0.08709537830000044,11.481665497283855,104.10490056818182,2.0,0.09881613823320452,0.019019056933191933,"[2, 1]",1.1253471909168056,0.023955573491806253
stag_4,8.0,53,0.4458589552264644,2.242861757687634,97.95813679245283,7.679245283018867,3.7287559963552566,1.6169988207825716,"[2, 1]",1.5828509726968853,1.4997110142866008
topo_8,8.0,24,1.691404970833333,0.5912244656034759,,1.5833333333333333,0.06631324300744672,0.007938009217909889,"[2, 1]",9.307064545661921,0.0837345035818286
